{
  "providers": {
    "awscloudformation": {
      "AuthRoleName": "amplify-awsbookstore-dev-31725-authRole",
      "UnauthRoleArn": "arn:aws:iam::154436893832:role/amplify-awsbookstore-dev-31725-unauthRole",
      "AuthRoleArn": "arn:aws:iam::154436893832:role/amplify-awsbookstore-dev-31725-authRole",
      "Region": "us-west-2",
      "DeploymentBucketName": "amplify-awsbookstore-dev-31725-deployment",
      "UnauthRoleName": "amplify-awsbookstore-dev-31725-unauthRole",
      "StackName": "amplify-awsbookstore-dev-31725",
      "StackId": "arn:aws:cloudformation:us-west-2:154436893832:stack/amplify-awsbookstore-dev-31725/df23cef0-f289-11ec-a7ca-063f17abca41",
      "AmplifyAppId": "d3nr249n6gkhvf"
    }
  },
  "auth": {
    "awsbookstore268120d2": {
      "service": "Cognito",
      "providerPlugin": "awscloudformation",
      "dependsOn": [],
      "customAuth": false,
      "frontendAuthConfig": {
        "socialProviders": [],
        "usernameAttributes": [],
        "signupAttributes": [
          "EMAIL"
        ],
        "passwordProtectionSettings": {
          "passwordPolicyMinLength": 8,
          "passwordPolicyCharacters": []
        },
        "mfaConfiguration": "OFF",
        "mfaTypes": [
          "SMS"
        ],
        "verificationMechanisms": [
          "EMAIL"
        ]
      },
      "providerMetadata": {
        "s3TemplateURL": "https://s3.amazonaws.com/amplify-awsbookstore-dev-31725-deployment/amplify-cfn-templates/auth/awsbookstore268120d2-cloudformation-template.json",
        "logicalId": "authawsbookstore268120d2"
      },
      "lastPushTimeStamp": "2022-06-24T00:46:45.226Z",
      "output": {
        "UserPoolId": "us-west-2_udufSfT8b",
        "AppClientIDWeb": "1v0ip8ou8f7a2vcamdhr1h9sta",
        "AppClientID": "4btjv9dnm3ejriodd7ko5dvtu3",
        "IdentityPoolId": "us-west-2:7726f417-0718-4bf9-9a45-2823136781bb",
        "UserPoolArn": "arn:aws:cognito-idp:us-west-2:154436893832:userpool/us-west-2_udufSfT8b",
        "IdentityPoolName": "awsbookstore268120d2_identitypool_268120d2__dev",
        "UserPoolName": "awsbookstore268120d2_userpool_268120d2"
      },
      "lastPushDirHash": "M7oJWfdx+pLLLUbFh8VfiNphDxA="
    }
  },
  "storage": {
    "Book1": {
      "service": "S3",
      "providerPlugin": "awscloudformation",
      "dependsOn": [],
      "lastPushTimeStamp": "2022-06-24T00:46:45.230Z",
      "providerMetadata": {
        "s3TemplateURL": "https://s3.amazonaws.com/amplify-awsbookstore-dev-31725-deployment/amplify-cfn-templates/storage/cloudformation-template.json",
        "logicalId": "storageBook1"
      },
      "output": {
        "BucketName": "awsbookstore6eed6330c46b44b98f36b0c75f52289d31725-dev",
        "Region": "us-west-2"
      },
      "lastPushDirHash": "BKbVr/TsrPpoBcf7XA9OALGpEyU="
    }
  },
  "function": {
    "processPayment": {
      "build": true,
      "providerPlugin": "awscloudformation",
      "service": "Lambda",
      "lastBuildTimeStamp": "2022-06-24T00:43:16.870Z",
      "lastBuildType": "PROD",
      "lastPackageTimeStamp": "2022-06-24T00:43:17.176Z",
      "distZipFilename": "processPayment-6e664634366e69333043-build.zip",
      "s3Bucket": {
        "deploymentBucketName": "amplify-awsbookstore-dev-31725-deployment",
        "s3Key": "amplify-builds/processPayment-6e664634366e69333043-build.zip"
      },
      "providerMetadata": {
        "s3TemplateURL": "https://s3.amazonaws.com/amplify-awsbookstore-dev-31725-deployment/amplify-cfn-templates/function/processPayment-cloudformation-template.json",
        "logicalId": "functionprocessPayment"
      },
      "lastPushTimeStamp": "2022-06-24T00:46:46.633Z",
      "output": {
        "Region": "us-west-2",
        "Arn": "arn:aws:lambda:us-west-2:154436893832:function:processPayment-dev",
        "Name": "processPayment-dev",
        "LambdaExecutionRole": "awsbookstoreLambdaRoleb0cc8a14-dev"
      },
      "lastPushDirHash": "5ufm8k2L/nyvT3+OnDrxzaeW5Q8="
    },
    "createOrder": {
      "build": true,
      "providerPlugin": "awscloudformation",
      "service": "Lambda",
      "lastBuildTimeStamp": "2022-06-24T00:43:16.873Z",
      "lastBuildType": "PROD",
      "lastPackageTimeStamp": "2022-06-24T00:43:17.169Z",
      "distZipFilename": "createOrder-46765558737a4f67626c-build.zip",
      "s3Bucket": {
        "deploymentBucketName": "amplify-awsbookstore-dev-31725-deployment",
        "s3Key": "amplify-builds/createOrder-46765558737a4f67626c-build.zip"
      },
      "providerMetadata": {
        "s3TemplateURL": "https://s3.amazonaws.com/amplify-awsbookstore-dev-31725-deployment/amplify-cfn-templates/function/createOrder-cloudformation-template.json",
        "logicalId": "functioncreateOrder"
      },
      "lastPushTimeStamp": "2022-06-24T00:46:46.633Z",
      "output": {
        "Region": "us-west-2",
        "Arn": "arn:aws:lambda:us-west-2:154436893832:function:createOrder-dev",
        "Name": "createOrder-dev",
        "LambdaExecutionRole": "awsbookstoreLambdaRole7d50b9c3-dev"
      },
      "lastPushDirHash": "d6MfVEW1FAF2t9lzpHUsXVyC+pY="
    }
  },
  "api": {
    "awsbookstore": {
      "service": "AppSync",
      "providerPlugin": "awscloudformation",
      "dependsOn": [
        {
          "category": "auth",
          "resourceName": "awsbookstore268120d2",
          "attributes": [
            "UserPoolId"
          ]
        }
      ],
      "output": {
        "authConfig": {
          "defaultAuthentication": {
            "authenticationType": "AMAZON_COGNITO_USER_POOLS",
            "userPoolConfig": {
              "userPoolId": "authawsbookstore268120d2"
            }
          },
          "additionalAuthenticationProviders": [
            {
              "authenticationType": "API_KEY",
              "apiKeyConfig": {
                "apiKeyExpirationDays": 365,
                "apiKeyExpirationDate": "2023-06-23T01:10:39.280Z",
                "description": "Guest user access to books"
              }
            }
          ]
        },
        "GraphQLAPIIdOutput": "2v62mws6drck7iw3dohan6eity",
        "GraphQLAPIEndpointOutput": "https://y4wjr7tnbradlnvj6qpw6rlpuu.appsync-api.us-west-2.amazonaws.com/graphql",
        "GraphQLAPIKeyOutput": "da2-ttmbbqaz2jf4jgk2d72mnzrdfy"
      },
      "providerMetadata": {
        "s3TemplateURL": "https://s3.amazonaws.com/amplify-awsbookstore-dev-31725-deployment/amplify-cfn-templates/api/cloudformation-template.json",
        "logicalId": "apiawsbookstore"
      },
      "lastPushTimeStamp": "2022-06-24T00:46:45.239Z",
      "lastPushDirHash": "dZps94uV5eAVVwyEqY9i1RYeTRg="
    }
  }
}