{
  "auth": {
    "awsbookstore268120d2": {
      "service": "Cognito",
      "providerPlugin": "awscloudformation",
      "dependsOn": [],
      "customAuth": false,
      "frontendAuthConfig": {
        "socialProviders": [],
        "usernameAttributes": [],
        "signupAttributes": [
          "EMAIL"
        ],
        "passwordProtectionSettings": {
          "passwordPolicyMinLength": 8,
          "passwordPolicyCharacters": []
        },
        "mfaConfiguration": "OFF",
        "mfaTypes": [
          "SMS"
        ],
        "verificationMechanisms": [
          "EMAIL"
        ]
      }
    }
  },
  "storage": {
    "Book1": {
      "service": "S3",
      "providerPlugin": "awscloudformation",
      "dependsOn": []
    }
  },
  "function": {
    "processPayment": {
      "build": true,
      "providerPlugin": "awscloudformation",
      "service": "Lambda"
    },
    "createOrder": {
      "build": true,
      "providerPlugin": "awscloudformation",
      "service": "Lambda"
    }
  },
  "api": {
    "awsbookstore": {
      "service": "AppSync",
      "providerPlugin": "awscloudformation",
      "dependsOn": [
        {
          "category": "auth",
          "resourceName": "awsbookstore268120d2",
          "attributes": [
            "UserPoolId"
          ]
        }
      ],
      "output": {
        "authConfig": {
          "defaultAuthentication": {
            "authenticationType": "AMAZON_COGNITO_USER_POOLS",
            "userPoolConfig": {
              "userPoolId": "authawsbookstore268120d2"
            }
          },
          "additionalAuthenticationProviders": [
            {
              "authenticationType": "API_KEY",
              "apiKeyConfig": {
                "apiKeyExpirationDays": 365,
                "apiKeyExpirationDate": "2023-06-23T01:10:39.280Z",
                "description": "Guest user access to books"
              }
            }
          ]
        }
      }
    }
  }
}